{
  "seq": "boreas-2025-08-06-12-20",
  "indices": [
    31206,
    31207
  ],
  "gpstimes": [
    1754500346219582
  ],
  "utm_bounds": {
    "easting": [
      5738.896829988352,
      5738.896829988352
    ],
    "northing": [
      -13481.395451095743,
      -13481.395451095743
    ]
  },
  "alignment_monotonic": true
}