{
  "seq": "boreas-2025-07-18-11-25",
  "indices": [
    9687,
    9688
  ],
  "gpstimes": [
    1752853313847854
  ],
  "utm_bounds": {
    "easting": [
      -45227.365104947276,
      -45227.365104947276
    ],
    "northing": [
      23399.20011459802,
      23399.20011459802
    ]
  },
  "alignment_monotonic": true
}